Player,MIN,FGM/FGA,FG%,FTM/FTA,FT%,3:00 PM,REB,AST,STL,BLK,TO,PTS,FG%_zscore,FT%_zscore,3:00 PM_zscore,REB_zscore,AST_zscore,STL_zscore,BLK_zscore,TO_zscore,PTS_zscore,TO_zscore_inverted,Total_ZScore,Rank
Shai Gilgeous-Alexander OKCPG,35.3,11.2/21.8,0.515,8.9/9.9,0.899,2.0,5.4,6.3,0.9,1.2,1.9,33.3,0.4340473965950384,0.7851837271077139,1.0136046192068442,0.8683206738041981,2.793745955049257,0.30781431530162745,1.884337557698287,0.900319970883951,5.332408728251296,-0.900319970883951,12.519143002130312,1
LaMelo BallDTD ChaPG,33.3,8.2/19.0,0.43,3.7/4.5,0.815,3.3,7.8,9.8,1.7,0.2,3.7,23.3,-0.2508093030774658,0.42963471128078573,2.5917296655693,2.0928594178279987,5.131771578278833,1.9664501299847763,-0.4837967669341016,3.2609444521828905,3.1489716736266953,-3.2609444521828905,11.365866654373932,2
Walker KesslerO UtahC,31.0,5.2/7.4,0.703,2.8/4.0,0.7,1.2,10.8,3.0,1.4,1.8,3.2,14.4,1.9487892735177526,-0.057128822291793974,0.0424507445222558,3.6235328478577493,0.5893217960042295,1.3444616994785954,3.3052181524777207,2.6052154295998515,1.2057126950108,-2.6052154295998515,9.397142956977456,3
"Josh Giddey ChiSG, PG, SF",34.0,8.3/16.7,0.496,4.7/6.3,0.75,1.9,10.0,9.1,0.9,0.3,3.6,23.1,0.2809617813741256,0.1545074966528061,0.8922103848712706,3.215353266516482,4.664166453632918,0.30781431530162745,-0.2469833344708628,3.1297986476662825,3.105302932534203,-3.1297986476662825,9.243534648746285,4
"Dillon BrooksO PhxSF, SG",30.7,7.3/19.7,0.373,1.7/1.7,1.0,3.0,3.3,2.3,2.7,0.7,2.3,19.3,-0.7100661487402037,1.2126890913758055,2.2275469625625797,-0.20315072721662775,0.12171667135831446,4.039744898338713,0.7002703953820927,1.4249031889503818,2.2755968517768546,-1.4249031889503818,8.239444805887148,5
"Grayson Allen PhxSG, PG",34.8,5.7/13.4,0.421,1.7/2.0,0.833,3.6,3.6,4.9,1.4,0.3,2.0,16.6,-0.32332354186631923,0.5058237861008418,2.955912368576021,-0.05008338421365254,1.8585357057574277,1.3444616994785954,-0.2469833344708628,1.0314657754005587,1.6860688470282124,-1.0314657754005587,6.698946370989706,6
Cason Wallace OKCSG,30.3,3.1/7.5,0.417,0.9/1.0,0.875,1.8,4.0,3.3,2.8,0.4,1.3,8.9,-0.35555209243914293,0.6835982940143058,0.7708161505356972,0.15400640645698085,0.7897239922810502,4.2470743751741065,-0.010169902007623828,0.11344514378430477,0.004822314967269224,-0.11344514378430477,6.1708743951983385,7
Donovan Clingan PorC,24.6,3.1/6.6,0.472,1.4/1.5,0.917,0.6,9.0,1.6,0.9,1.4,0.6,8.3,0.0875904779371831,0.8613728019277699,-0.6859146614911854,2.7051287898398986,-0.3458884532876004,0.30781431530162745,2.3579644226247645,-0.8045754878319494,-0.12618390831020676,0.8045754878319494,5.966459272374201,8
Dennis Schroder SacPG,32.8,6.0/13.6,0.44,1.6/1.8,0.929,1.6,3.9,6.9,1.4,0.4,2.6,15.3,-0.1702379266454064,0.9121655184744739,0.5280276818645502,0.10298395878932244,3.1945503476028994,1.3444616994785954,-0.010169902007623828,1.8183406025002053,1.402222029927014,-1.8183406025002053,5.485662804983619,9
"Jaren Jackson Jr. MemC, PF",28.7,6.1/11.7,0.524,3.3/4.1,0.811,1.4,5.4,1.3,0.7,1.7,1.9,17.0,0.5065616353838918,0.4127038057652182,0.28523921319340284,0.8683206738041981,-0.5462906495644211,-0.10684463836915999,3.0684047200144815,0.900319970883951,1.773406329213196,-0.900319970883951,5.361181118556856,10
Sam Merrill CleSG,25.8,5.0/9.2,0.543,2.2/2.2,1.0,4.4,1.6,1.6,0.6,0.2,1.2,16.6,0.6596472506048046,1.2126890913758055,3.92706624326061,-1.0705323375668196,-0.3458884532876004,-0.3141741152045536,-0.4837967669341016,-0.017700660732303072,1.6860688470282124,0.017700660732303072,5.288780420008659,11
Brandon Ingram TorSF,32.5,8.3/15.1,0.545,3.3/3.8,0.867,1.4,6.1,3.9,0.9,0.6,3.0,21.1,0.6757615258912164,0.6497364829831699,0.28523921319340284,1.2254778074778063,1.1905283848346917,0.30781431530162745,0.46345696291885385,2.342923820566636,2.668615521609283,-2.342923820566636,5.123706393643415,12
"Franz Wagner OrlSF, PF",34.1,7.8/15.6,0.496,4.9/6.1,0.796,1.6,5.5,3.3,1.1,0.3,2.1,22.0,0.2809617813741256,0.3492129100818382,0.5280276818645502,0.9193431214718563,0.7897239922810502,0.7224732689724148,-0.2469833344708628,1.1626115799171666,2.865124856525497,-1.1626115799171666,5.045272698183303,13
Neemias Queta BosC,22.8,3.9/5.4,0.714,1.3/2.1,0.632,0.0,8.1,1.7,0.9,1.3,1.1,9.1,2.037417787593018,-0.3449542160564496,-1.4142800675046265,2.245926760830973,-0.2790877211953269,0.30781431530162745,2.121150990161526,-0.14884646524891063,0.048491056059761097,0.14884646524891063,4.871325370439412,14
"Cedric Coward MemSF, SG",26.2,4.9/9.1,0.537,3.0/3.3,0.9,1.6,5.4,2.7,1.1,0.3,1.2,14.3,0.611304424745569,0.7894164534866059,0.5280276818645502,0.8683206738041981,0.38891959972740897,0.7224732689724148,-0.2469833344708628,-0.017700660732303072,1.1838783244645539,0.017700660732303072,4.863057753326742,15
"Moses Moody GSSG, SF",23.4,3.9/8.1,0.474,2.3/2.7,0.842,3.0,2.9,1.6,0.9,1.1,1.4,13.0,0.10370475322359497,0.5439183235108698,2.2275469625625797,-0.4072405178872612,-0.3458884532876004,0.30781431530162745,1.6475241252350483,0.24459094830091233,0.9000315073633557,-0.24459094830091233,4.732820067721303,16
"Kevin Huerter ChiSG, SF",24.9,4.6/9.3,0.492,2.3/2.6,0.889,1.4,4.3,2.6,0.9,1.1,1.7,12.9,0.24873323080130183,0.7428564633187938,0.28523921319340284,0.30707374945995586,0.32211886763513536,0.30781431530162745,1.6475241252350483,0.6380283618507355,0.8781971368171098,-0.6380283618507355,4.1015287399116405,17
Josh Minott BosSF,22.4,3.3/7.1,0.456,1.5/1.9,0.8,1.1,6.5,1.5,1.5,0.5,0.5,9.1,-0.04132372435411144,0.36614381559740616,-0.07894348981331757,1.42956759814844,-0.412689185379874,1.551791176313989,0.226643530455615,-0.935721292348557,0.048491056059761097,0.935721292348557,4.025402069376465,18
"Stephon Castle SAPG, SG",32.7,6.3/12.1,0.518,5.4/8.1,0.667,1.4,6.0,5.7,2.0,0.4,5.0,19.4,0.45821880952465616,-0.19680879279522956,0.28523921319340284,1.1744553598101481,2.392941562495616,2.5884385604909577,-0.010169902007623828,4.965839910898791,2.2974312223231004,-4.965839910898791,4.023906122136236,19
P.J. Washington DalPF,34.6,5.9/12.9,0.456,2.9/4.9,0.59,1.1,8.6,2.6,0.9,1.4,3.0,15.8,-0.04132372435411144,-0.5227287239699137,-0.07894348981331757,2.501038999169265,0.32211886763513536,0.30781431530162745,2.3579644226247645,2.342923820566636,1.5113938826582443,-2.342923820566636,4.014410728685058,20
Steven AdamsDTD HouC,22.5,2.3/3.5,0.667,1.8/2.3,0.786,0.0,9.5,1.7,1.0,0.7,1.3,6.5,1.6587323183623397,0.30688564629291815,-1.4142800675046265,2.9602410281781903,-0.2790877211953269,0.515143792137021,0.7002703953820927,0.11344514378430477,-0.5192025781426352,-0.11344514378430477,3.8152576697256686,21
Aaron WigginsO OKCSG,27.6,5.7/12.3,0.459,0.7/1.0,0.667,2.8,3.7,2.2,0.4,0.8,1.0,14.8,-0.01715231142449363,-0.19680879279522956,1.9847584938914322,0.0009390634540058634,0.054915939266041124,-0.7288330688753407,0.9370838278453317,-0.27999226976551844,1.293050177195784,0.27999226976551844,3.6079455983230497,22
Jeremy SochanDTD SAPF,23.0,6.0/7.0,0.857,3.0/4.0,0.75,1.0,2.0,0.0,1.0,0.0,0.0,16.0,3.189588470571466,0.1545074966528061,-0.20033772414889123,-0.8664425468961864,-1.4147001667639776,0.515143792137021,-0.9574236318605794,-1.5914503149315957,1.5550626237507361,1.5914503149315957,3.5668486283739904,23
Luke KornetO SAC,25.5,3.5/6.0,0.583,1.0/2.0,0.5,0.0,8.0,3.5,0.0,1.5,0.5,8.0,0.9819327563330411,-0.9036740980701934,-1.4142800675046265,2.194904313163315,0.9233254564655974,-1.5581509762169152,2.5947778550880036,-0.935721292348557,-0.19168701994894496,0.935721292348557,3.562869511657834,24
"Alex Caruso OKCSG, PG",21.4,2.2/6.0,0.367,0.4/0.4,1.0,1.6,1.8,2.2,2.0,0.6,0.6,6.4,-0.7584089745994393,1.2126890913758055,0.5280276818645502,-0.9684874422315031,0.054915939266041124,2.5884385604909577,0.46345696291885385,-0.8045754878319494,-0.5410369486888811,0.8045754878319494,3.384170358228334,25
Ayo DosunmuDTD ChiSG,26.2,6.0/10.4,0.577,2.2/2.6,0.846,2.0,3.0,3.2,0.2,0.0,0.6,16.2,0.9335899304738056,0.5608492290264377,1.0136046192068442,-0.3562180702196027,0.7229232601887768,-1.143492022546128,-0.9574236318605794,-0.8045754878319494,1.598731364843228,0.8045754878319494,3.1771401669447314,26
Wendell Carter Jr. OrlC,28.3,3.6/7.1,0.509,2.8/3.9,0.71,1.3,8.3,1.4,0.6,0.8,1.6,11.3,0.3857045707358027,-0.01480155850287396,0.16384497885782945,2.3479716561662904,-0.4794899174721476,-0.3141741152045536,0.9370838278453317,0.506882557334128,0.5288472080771736,-0.506882557334128,3.0481040931687247,27
Goga Bitadze OrlC,17.5,2.8/3.6,0.759,1.0/1.5,0.667,0.3,5.3,1.5,0.4,1.0,0.4,6.8,2.3999889815372852,-0.19680879279522956,-1.050097364497906,0.8172982261365395,-0.412689185379874,-0.7288330688753407,1.4107106927718094,-1.0668670968651648,-0.45369946650389714,1.0668670968651648,2.852737119258552,28
Jock Landale MemC,24.0,4.1/7.0,0.587,1.3/1.7,0.8,1.4,5.0,1.3,0.8,0.6,1.2,11.0,1.0141613069058648,0.36614381559740616,0.28523921319340284,0.6642308831335645,-0.5462906495644211,0.10048483846623384,0.46345696291885385,-0.017700660732303072,0.4633440964384354,0.017700660732303072,2.828471127821643,29
"Moussa Diabate ChaPF, C",19.9,3.8/5.9,0.638,2.9/4.1,0.697,0.0,6.9,0.6,0.5,1.1,0.6,10.4,1.4250753267093677,-0.06982700142846998,-1.4142800675046265,1.6336573888190735,-1.013895774210336,-0.5215035920399471,1.6475241252350483,-0.8045754878319494,0.3323378731609594,0.8045754878319494,2.8236637665730187,30
Ronald Holland II DetSF,21.8,3.8/7.9,0.476,1.8/2.0,0.875,1.1,3.6,2.3,1.8,0.4,1.6,10.4,0.11981902851000684,0.6835982940143058,-0.07894348981331757,-0.05008338421365254,0.12171667135831446,2.17377960682017,-0.010169902007623828,0.506882557334128,0.3323378731609594,-0.506882557334128,2.7851721404950345,31
Gary Trent Jr. MilSG,28.6,4.1/10.3,0.402,1.5/2.1,0.706,2.9,1.9,2.8,1.3,0.0,0.8,12.6,-0.4764091570872315,-0.031732464018441965,2.106152728227006,-0.9174649945638448,0.4557203318196823,1.137132222643202,-0.9574236318605794,-0.5422838787987339,0.8126940251783715,0.5422838787987339,2.670952939136898,32
Miles McBride NYPG,24.2,3.3/8.0,0.417,0.8/1.0,0.833,2.2,3.0,2.8,1.0,0.2,0.5,9.7,-0.35555209243914293,0.5058237861008418,1.2563930878779914,-0.3562180702196027,0.4557203318196823,0.515143792137021,-0.4837967669341016,-0.935721292348557,0.17949727933723708,0.935721292348557,2.652732640028483,33
"Sion James ChaSF, SG",24.3,2.9/4.6,0.622,1.3/1.4,0.909,1.8,3.1,1.5,0.6,0.4,0.6,8.8,1.2961611244180726,0.8275109908966339,0.7708161505356972,-0.3051956225519443,-0.412689185379874,-0.3141741152045536,-0.010169902007623828,-0.8045754878319494,-0.017012055578976712,0.8045754878319494,2.6398228729593805,34
Jaylon Tyson CleSG,25.0,4.0/7.9,0.508,0.6/0.9,0.714,2.1,3.0,1.8,1.0,0.8,1.4,10.8,0.3776474330925968,0.0021293470126940465,1.1349988535424178,-0.3562180702196027,-0.21228698910305324,0.515143792137021,0.9370838278453317,0.24459094830091233,0.4196753553459435,-0.24459094830091233,2.573582601352437,35
Andre Drummond PhiC,16.7,2.4/4.0,0.607,0.7/1.6,0.455,0.3,7.6,0.6,0.9,1.0,0.3,5.9,1.1753040597699835,-1.0941467851203333,-1.050097364497906,1.9908145224926816,-1.013895774210336,0.30781431530162745,1.4107106927718094,-1.1980129013817724,-0.6502088014201112,1.1980129013817724,2.274307766469188,36
"Quenton JacksonO IndPG, SG",20.2,4.0/7.4,0.541,2.6/3.6,0.722,1.2,3.4,3.6,1.0,0.2,1.2,11.8,0.6435329753183927,0.03599115804383006,0.0424507445222558,-0.15212827954896935,0.990126188557871,0.515143792137021,-0.4837967669341016,-0.017700660732303072,0.6380190608084036,0.017700660732303072,2.2470395336370066,37
Tristan da Silva OrlSF,21.4,4.1/8.4,0.493,1.8/2.0,0.875,1.9,3.0,1.1,1.3,0.1,1.0,11.9,0.25679036844450776,0.6835982940143058,0.8922103848712706,-0.3562180702196027,-0.6798921137489682,1.137132222643202,-0.7206101993973405,-0.27999226976551844,0.6598534313546496,0.27999226976551844,2.152856587727543,38
Dereck Lively IIO DalC,16.7,2.3/3.0,0.778,0.7/1.3,0.5,0.0,5.0,3.0,0.7,1.3,1.7,5.3,2.553074596758198,-0.9036740980701934,-1.4142800675046265,0.6642308831335645,0.5893217960042295,-0.10684463836915999,2.121150990161526,0.6380283618507355,-0.7812150246975873,-0.6380283618507355,2.0837360755652155,39
Harrison Barnes SAPF,29.6,3.3/6.9,0.479,1.7/1.7,1.0,2.1,2.6,2.7,0.7,0.3,1.4,10.4,0.14399044143962464,1.2126890913758055,1.1349988535424178,-0.5603078608902361,0.38891959972740897,-0.10684463836915999,-0.2469833344708628,0.24459094830091233,0.3323378731609594,-0.24459094830091233,2.054209077215045,40
"Christian Braun DenSG, SF",31.3,4.9/9.9,0.493,2.3/2.9,0.8,0.4,4.4,3.1,0.9,0.4,1.1,12.4,0.25679036844450776,0.36614381559740616,-0.9287031301623324,0.3580961971276145,0.6561225280965032,0.30781431530162745,-0.010169902007623828,-0.14884646524891063,0.7690252840858797,0.14884646524891063,1.923965941732493,41
"Will Richard GSSG, PF",16.9,3.1/4.9,0.647,1.4/1.9,0.769,1.4,2.4,1.6,1.3,0.0,0.7,9.1,1.497589565498221,0.23492929785175415,0.28523921319340284,-0.6623527562255529,-0.3458884532876004,1.137132222643202,-0.9574236318605794,-0.6734296833153417,0.048491056059761097,0.6734296833153417,1.9111461971879504,42
"Anfernee Simons BosSG, PG",26.9,5.2/12.7,0.412,1.1/1.3,0.833,2.8,2.0,1.6,0.7,0.2,1.0,14.3,-0.3958377806551726,0.5058237861008418,1.9847584938914322,-0.8664425468961864,-0.3458884532876004,-0.10684463836915999,-0.4837967669341016,-0.27999226976551844,1.1838783244645539,0.27999226976551844,1.7556426880801255,43
Simone Fontecchio MiaSF,20.0,4.0/7.9,0.508,1.1/1.4,0.818,2.6,2.5,1.4,0.6,0.3,1.1,11.8,0.3776474330925968,0.44233289041746177,1.7419700252202857,-0.6113303085578945,-0.4794899174721476,-0.3141741152045536,-0.2469833344708628,-0.14884646524891063,0.6380190608084036,0.14884646524891063,1.6968381990822,44
"Keldon Johnson SASF, PF",24.0,4.9/7.6,0.642,2.1/2.9,0.75,1.0,4.7,1.1,0.6,0.0,0.6,12.9,1.4573038772821914,0.1545074966528061,-0.20033772414889123,0.5111635401305895,-0.6798921137489682,-0.3141741152045536,-0.9574236318605794,-0.8045754878319494,0.8781971368171098,0.8045754878319494,1.6539199537516536,45
Ziaire Williams BknSF,20.3,3.2/7.7,0.413,1.8/2.0,0.917,2.0,2.7,0.5,1.0,0.5,0.7,10.2,-0.3877806430119667,0.8613728019277699,1.0136046192068442,-0.5092854132225777,-1.0806965063026097,0.515143792137021,0.226643530455615,-0.6734296833153417,0.28866913206846717,0.6734296833153417,1.601100996573905,46
Obi ToppinO IndPF,27.7,5.0/12.0,0.417,3.0/3.0,1.0,1.0,6.7,1.7,1.0,0.0,2.0,14.0,-0.35555209243914293,1.2126890913758055,-0.20033772414889123,1.5316124934837567,-0.2790877211953269,0.515143792137021,-0.9574236318605794,1.0314657754005587,1.1183752128258158,-1.0314657754005587,1.5539536447779003,47
"Vince Williams Jr. MemSG, PG",17.0,2.8/6.0,0.458,2.0/2.0,1.0,1.3,2.8,2.8,1.3,0.3,1.8,8.8,-0.025209449067699567,1.2126890913758055,0.16384497885782945,-0.4582629655549196,0.4557203318196823,1.137132222643202,-0.2469833344708628,0.7691741663673434,-0.017012055578976712,-0.7691741663673434,1.4527446536567172,48
Cole Anthony MilPG,20.6,4.6/8.9,0.516,0.9/1.7,0.5,1.1,3.3,5.1,0.7,0.6,1.7,11.1,0.4421045342382443,-0.9036740980701934,-0.07894348981331757,-0.20315072721662775,1.9921371699419743,-0.10684463836915999,0.46345696291885385,0.6380283618507355,0.48517846698468137,-0.6380283618507355,1.4522358187637199,49
Zaccharie Risacher AtlSF,23.7,4.3/9.8,0.441,1.2/1.3,0.875,1.5,2.0,1.2,1.0,0.5,0.7,11.3,-0.16218078900220048,0.6835982940143058,0.40663344752897645,-0.8664425468961864,-0.6130913816566947,0.515143792137021,0.226643530455615,-0.6734296833153417,0.5288472080771736,0.6734296833153417,1.392581237973352,50
"Josh Okogie HouSF, SG",23.0,2.7/5.1,0.528,2.1/2.6,0.833,1.7,1.9,1.6,1.0,0.1,0.4,9.3,0.5387901859567156,0.5058237861008418,0.6494219162001235,-0.9174649945638448,-0.3458884532876004,0.515143792137021,-0.7206101993973405,-1.0668670968651648,0.09215979715225335,1.0668670968651648,1.384242927163334,51
Tre Johnson WshSG,25.5,4.3/10.3,0.415,1.1/1.1,1.0,2.0,3.1,1.5,0.3,0.8,1.5,11.6,-0.37166636772555484,1.2126890913758055,1.0136046192068442,-0.3051956225519443,-0.412689185379874,-0.9361625457107344,0.9370838278453317,0.37573675281752017,0.5943503197159115,-0.37573675281752017,1.3562773839582651,52
Mike Conley MinPG,21.5,2.0/4.9,0.41,1.4/1.4,1.0,1.4,2.3,4.3,0.8,0.4,1.4,6.8,-0.4119520559415845,1.2126890913758055,0.28523921319340284,-0.7133752038932114,1.457731313203786,0.10048483846623384,-0.010169902007623828,0.24459094830091233,-0.45369946650389714,-0.24459094830091233,1.222356879591999,53
AJ Green MilSG,27.1,4.0/7.0,0.571,0.9/1.4,0.636,3.4,2.3,1.1,0.3,0.0,0.9,12.3,0.8852471046145699,-0.32802331054088163,2.7131238999048732,-0.7133752038932114,-0.6798921137489682,-0.9361625457107344,-0.9574236318605794,-0.4111380742821262,0.7471909135396337,0.4111380742821262,1.141823186586828,54
"Tim Hardaway Jr. DenSG, SF",23.3,4.0/8.1,0.491,0.9/1.0,0.857,2.4,1.6,1.1,0.6,0.0,0.3,11.3,0.24067609315809588,0.6074092191942498,1.4991815565491382,-1.0705323375668196,-0.6798921137489682,-0.3141741152045536,-0.9574236318605794,-1.1980129013817724,0.5288472080771736,1.1980129013817724,1.0521047799795091,55
Reed Sheppard HouSG,20.1,3.6/8.6,0.417,0.6/0.9,0.667,2.1,2.7,3.0,1.0,0.3,1.3,9.9,-0.35555209243914293,-0.19680879279522956,1.1349988535424178,-0.5092854132225777,0.5893217960042295,0.515143792137021,-0.2469833344708628,0.11344514378430477,0.22316602042972936,-0.11344514378430477,1.0405556854012803,56
Patrick Williams ChiPF,22.6,2.9/6.3,0.455,1.3/2.0,0.643,1.6,2.9,2.0,1.0,0.6,0.9,8.6,-0.04938086199731737,-0.2983942258886376,0.5280276818645502,-0.4072405178872612,-0.07868552491850614,0.515143792137021,0.46345696291885385,-0.4111380742821262,-0.060680796671468966,0.4111380742821262,1.0233845838393598,57
"D'Angelo Russell DalPG, SG",22.9,4.0/11.1,0.36,3.3/4.4,0.743,1.8,3.0,5.6,0.5,0.3,2.1,13.0,-0.8148089381018809,0.1248784120005621,0.7708161505356972,-0.3562180702196027,2.326140830403342,-0.5215035920399471,-0.2469833344708628,1.1626115799171666,0.9000315073633557,-1.1626115799171666,1.0197413855534971,58
"Dylan HarperO SAPG, SG",23.5,5.3/10.7,0.5,2.5/3.0,0.833,0.8,4.0,3.8,0.7,0.0,1.8,14.0,0.3131903319469493,0.5058237861008418,-0.44312619282003823,0.15400640645698085,1.123727652742418,-0.10684463836915999,-0.9574236318605794,0.7691741663673434,1.1183752128258158,-0.7691741663673434,0.9385547606558845,59
Cam Spencer MemSG,17.2,2.6/6.0,0.426,1.7/1.9,0.882,2.3,2.2,3.2,0.7,0.0,1.1,9.1,-0.28303785365028955,0.7132273786665498,1.3777873222135646,-0.7643976515608696,0.7229232601887768,-0.10684463836915999,-0.9574236318605794,-0.14884646524891063,0.048491056059761097,0.14884646524891063,0.8995717069366649,60
Svi Mykhailiuk UtahSG,28.1,3.5/7.6,0.459,0.5/0.6,0.8,2.0,2.9,1.6,0.9,0.1,0.8,9.5,-0.01715231142449363,0.36614381559740616,1.0136046192068442,-0.4072405178872612,-0.3458884532876004,0.30781431530162745,-0.7206101993973405,-0.5422838787987339,0.13582853824474522,0.5422838787987339,0.8747836851526614,61
Julian Champagnie SASF,29.7,2.7/6.7,0.404,1.6/2.4,0.647,1.4,6.3,1.6,1.0,0.3,1.1,8.4,-0.4602948818008197,-0.2814633203730696,0.28523921319340284,1.3275227028131231,-0.3458884532876004,0.515143792137021,-0.2469833344708628,-0.14884646524891063,-0.10434953776396085,0.14884646524891063,0.8377726456961443,62
"Peyton Watson DenSF, PF",20.1,1.7/3.9,0.444,1.7/2.0,0.857,0.3,3.7,1.9,0.9,1.3,1.3,5.4,-0.13800937607258268,0.6074092191942498,-1.050097364497906,0.0009390634540058634,-0.14548625701077977,0.30781431530162745,2.121150990161526,0.11344514378430477,-0.7593806541513413,-0.11344514378430477,0.8308947925944948,63
"Marcus Smart LALSG, PG",29.0,3.1/7.7,0.407,3.0/3.3,0.913,1.0,2.3,3.4,1.7,0.3,2.4,10.3,-0.4361234688712023,0.8444418964122019,-0.20033772414889123,-0.7133752038932114,0.8565247243733238,1.9664501299847763,-0.2469833344708628,1.5560489934669897,0.3105035026147135,-1.5560489934669897,0.8250515285338582,64
Kris Dunn LACPG,23.9,2.9/5.4,0.535,0.6/0.8,0.833,1.0,2.9,2.0,1.6,0.1,1.5,7.4,0.595190149459157,0.5058237861008418,-0.20033772414889123,-0.4072405178872612,-0.07868552491850614,1.759120653149383,-0.7206101993973405,0.37573675281752017,-0.32269324322642096,-0.37573675281752017,0.7548306263134417,65
Yves MissiDTD NOC,23.2,3.0/4.4,0.682,1.8/3.2,0.563,0.0,6.6,1.4,0.2,1.2,1.6,7.8,1.7795893830104288,-0.6370123361999978,-1.4142800675046265,1.480590045816098,-0.4794899174721476,-1.143492022546128,1.884337557698287,0.506882557334128,-0.23535576104143702,-0.506882557334128,0.728004324426349,66
Duncan Robinson DetSF,32.1,3.5/8.3,0.424,1.4/1.9,0.733,2.6,3.0,1.0,0.1,0.5,0.6,11.0,-0.2991521289367014,0.08255114821164208,1.7419700252202857,-0.3562180702196027,-0.7466928458412418,-1.3508214993815217,0.226643530455615,-0.8045754878319494,0.4633440964384354,0.8045754878319494,0.56619974377886,67
Jaylin Williams OKCC,17.8,1.8/5.1,0.348,0.3/0.4,0.75,1.2,4.8,2.2,0.8,0.7,0.7,5.1,-0.9114945898203521,0.1545074966528061,0.0424507445222558,0.5621859877982477,0.054915939266041124,0.10048483846623384,0.7002703953820927,-0.6734296833153417,-0.8248837657900794,0.6734296833153417,0.5518667297925876,68
Trendon Watford PhiPF,19.2,3.0/5.2,0.577,1.8/2.0,0.9,0.6,4.0,3.8,0.4,0.2,1.6,8.4,0.9335899304738056,0.7894164534866059,-0.6859146614911854,0.15400640645698085,1.123727652742418,-0.7288330688753407,-0.4837967669341016,0.506882557334128,-0.10434953776396085,-0.506882557334128,0.4909638507610935,69
"Kyle Kuzma MilPF, SF",23.1,4.9/9.1,0.531,2.6/3.1,0.818,0.6,4.1,1.3,0.6,0.6,1.7,12.9,0.5629615988863333,0.44233289041746177,-0.6859146614911854,0.20502885412463903,-0.5462906495644211,-0.3141741152045536,0.46345696291885385,0.6380283618507355,0.8781971368171098,-0.6380283618507355,0.36756965505350225,70
Sam Hauser BosSF,23.6,2.9/8.0,0.361,0.3/0.4,0.75,2.8,3.0,1.4,0.6,0.3,0.9,8.9,-0.8067518004586749,0.1545074966528061,1.9847584938914322,-0.3562180702196027,-0.4794899174721476,-0.3141741152045536,-0.2469833344708628,-0.4111380742821262,0.004822314967269224,0.4111380742821262,0.3516091419677922,71
"CJ McCollum WshSG, PG",27.3,4.0/12.1,0.33,1.6/2.0,0.813,2.0,3.0,3.5,0.5,0.0,1.0,11.6,-1.0565230673980586,0.42116925852300174,1.0136046192068442,-0.3562180702196027,0.9233254564655974,-0.5215035920399471,-0.9574236318605794,-0.27999226976551844,0.5943503197159115,0.27999226976551844,0.34077356215868543,72
"Saddiq Bey NOSF, PF",24.9,4.0/8.6,0.464,1.1/1.8,0.643,2.0,4.1,1.1,0.6,0.0,0.6,11.1,0.023133376791536053,-0.2983942258886376,1.0136046192068442,0.20502885412463903,-0.6798921137489682,-0.3141741152045536,-0.9574236318605794,-0.8045754878319494,0.48517846698468137,0.8045754878319494,0.2816367182369113,73
Jamal Shead TorPG,17.0,2.1/4.8,0.447,1.5/1.8,0.857,1.1,1.9,5.4,0.6,0.0,1.0,6.9,-0.11383796314296486,0.6074092191942498,-0.07894348981331757,-0.9174649945638448,2.1925393662187953,-0.3141741152045536,-0.9574236318605794,-0.27999226976551844,-0.43186509595765105,0.27999226976551844,0.26623156463565234,74
"John Konchar MemSG, SF",14.0,1.4/2.4,0.588,0.1/0.1,1.0,0.7,2.7,1.0,0.7,0.4,0.4,3.7,1.0222184445490707,1.2126890913758055,-0.5645204271556119,-0.5092854132225777,-0.7466928458412418,-0.10684463836915999,-0.010169902007623828,-1.0668670968651648,-1.1305649534375235,1.0668670968651648,0.23369645275630224,75
Keon Ellis SacSG,19.5,2.5/5.0,0.5,0.6/1.0,0.625,1.5,1.9,0.8,1.6,0.1,0.5,7.1,0.3131903319469493,-0.3745833007086936,0.40663344752897645,-0.9174649945638448,-0.880294310025789,1.759120653149383,-0.7206101993973405,-0.935721292348557,-0.38819635486515913,0.935721292348557,0.1335165654130389,76
"John Collins LACPF, C",24.1,4.9/8.9,0.549,1.9/2.6,0.714,1.0,5.0,0.9,1.0,0.5,2.6,12.6,0.7079900764640402,0.0021293470126940465,-0.20033772414889123,0.6642308831335645,-0.8134935779335155,0.515143792137021,0.226643530455615,1.8183406025002053,0.8126940251783715,-1.8183406025002053,0.09665974979869407,77
"Anthony Black OrlPG, SG",26.3,4.1/8.5,0.485,2.4/3.4,0.704,1.0,3.1,2.4,0.9,0.9,2.6,11.6,0.19233326729886027,-0.04019791677622597,-0.20033772414889123,-0.3051956225519443,0.1885174034505881,0.30781431530162745,1.1738972603085707,1.8183406025002053,0.5943503197159115,-1.8183406025002053,0.09284070009829115,78
Derik Queen NOC,18.8,2.9/6.1,0.469,2.6/3.5,0.75,0.0,5.5,1.3,1.3,0.5,1.5,8.4,0.06341906500756529,0.1545074966528061,-1.4142800675046265,0.9193431214718563,-0.5462906495644211,1.137132222643202,0.226643530455615,0.37573675281752017,-0.10434953776396085,-0.37573675281752017,0.06038842858051596,79
"Marvin Bagley III WshPF, C",14.6,3.1/4.3,0.735,1.0/1.6,0.615,0.3,4.1,1.5,0.4,0.4,0.8,7.5,2.2066176781003426,-0.41691056449761366,-1.050097364497906,0.20502885412463903,-0.412689185379874,-0.7288330688753407,-0.010169902007623828,-0.5422838787987339,-0.300858872680175,0.5422838787987339,0.0343714530851823,80
Mitchell Robinson NYC,16.3,2.0/3.7,0.545,0.0/0.3,0.0,0.0,8.7,1.3,0.3,1.7,0.7,4.0,0.6757615258912164,-3.0200372875161925,-1.4142800675046265,2.552061446836923,-0.5462906495644211,-0.9361625457107344,3.0684047200144815,-0.6734296833153417,-1.0650618417987854,0.6734296833153417,-0.01217501603679727,81
Jay Huff IndC,14.5,1.8/4.5,0.389,0.8/0.8,1.0,0.9,2.1,0.8,0.1,1.5,0.5,5.1,-0.5811519464489088,1.2126890913758055,-0.32173195848446473,-0.815420099228528,-0.880294310025789,-1.3508214993815217,2.5947778550880036,-0.935721292348557,-0.8248837657900794,0.935721292348557,-0.031115340546925663,82
Khris Middleton WshSF,25.0,4.3/9.0,0.481,1.5/2.3,0.643,1.2,4.5,2.2,0.7,0.2,1.5,11.3,0.16010471672603652,-0.2983942258886376,0.0424507445222558,0.40911864479527266,0.054915939266041124,-0.10684463836915999,-0.4837967669341016,0.37573675281752017,0.5288472080771736,-0.37573675281752017,-0.06933513062263974,83
Jose Alvarado NOPG,18.1,2.3/5.1,0.444,0.4/0.6,0.75,1.6,2.9,2.0,1.0,0.0,0.6,6.6,-0.13800937607258268,0.1545074966528061,0.5280276818645502,-0.4072405178872612,-0.07868552491850614,0.515143792137021,-0.9574236318605794,-0.8045754878319494,-0.4973682075963892,0.8045754878319494,-0.07647279984899191,84
Sandro Mamukelashvili TorPF,17.6,3.0/5.1,0.585,1.5/1.9,0.8,1.0,3.1,2.0,0.3,0.4,1.1,8.5,0.998047031619453,0.36614381559740616,-0.20033772414889123,-0.3051956225519443,-0.07868552491850614,-0.9361625457107344,-0.010169902007623828,-0.14884646524891063,-0.0825151672177149,0.14884646524891063,-0.10002917408964512,85
Ben Sheppard IndSG,27.1,2.9/7.9,0.365,1.3/1.6,0.769,1.0,5.3,2.4,0.5,0.3,0.8,8.0,-0.7745232498858512,0.23492929785175415,-0.20033772414889123,0.8172982261365395,0.1885174034505881,-0.5215035920399471,-0.2469833344708628,-0.5422838787987339,-0.19168701994894496,0.5422838787987339,-0.15200611425688193,86
Jaxson Hayes LALC,18.3,2.7/3.5,0.762,0.5/1.2,0.429,0.2,4.5,1.8,0.3,0.5,0.5,6.0,2.424160394466903,-1.2041976709715252,-1.1714915988334795,0.40911864479527266,-0.21228698910305324,-0.9361625457107344,0.226643530455615,-0.935721292348557,-0.6283744308738652,0.935721292348557,-0.15686937342631013,87
Taurean PrinceDTD MilSF,21.0,2.1/4.8,0.447,0.4/0.4,1.0,1.5,1.6,1.0,0.8,0.3,0.6,6.1,-0.11383796314296486,1.2126890913758055,0.40663344752897645,-1.0705323375668196,-0.7466928458412418,0.10048483846623384,-0.2469833344708628,-0.8045754878319494,-0.6065400603276193,0.8045754878319494,-0.2602036761465433,88
Luke Kennard AtlSG,25.3,2.9/5.6,0.511,1.5/1.6,0.923,1.3,2.1,2.0,0.9,0.1,1.5,8.5,0.4018188460222146,0.886769160201122,0.16384497885782945,-0.815420099228528,-0.07868552491850614,0.30781431530162745,-0.7206101993973405,0.37573675281752017,-0.0825151672177149,-0.37573675281752017,-0.31272044319681636,89
"Kentavious Caldwell-Pope MemSG, SF",24.7,2.6/8.4,0.303,2.6/2.9,0.885,1.2,2.7,3.7,0.8,0.3,1.4,8.9,-1.2740657837646188,0.7259255578032259,0.0424507445222558,-0.5092854132225777,1.0569269206501446,0.10048483846623384,-0.2469833344708628,0.24459094830091233,0.004822314967269224,-0.24459094830091233,-0.34431510334984217,90
Dean WadeO ClePF,21.5,1.8/4.9,0.359,1.1/1.5,0.75,1.3,3.5,1.5,0.8,0.4,0.3,5.9,-0.8228660757450869,0.1545074966528061,0.16384497885782945,-0.10110583188131095,-0.412689185379874,0.10048483846623384,-0.010169902007623828,-1.1980129013817724,-0.6502088014201112,1.1980129013817724,-0.38018958107536505,91
Nique Clifford SacSG,23.0,2.3/5.3,0.429,0.3/0.5,0.5,0.8,3.8,2.0,0.8,0.8,0.5,5.5,-0.2588664407206717,-0.9036740980701934,-0.44312619282003823,0.05196151112166404,-0.07868552491850614,0.10048483846623384,0.9370838278453317,-0.935721292348557,-0.7375462836050953,0.935721292348557,-0.3966470703527184,92
"Luguentz DortDTD OKCSG, SF",31.9,2.4/7.7,0.315,1.3/1.4,0.9,1.0,5.0,1.6,1.0,0.0,0.7,7.1,-1.1773801320461477,0.7894164534866059,-0.20033772414889123,0.6642308831335645,-0.3458884532876004,0.515143792137021,-0.9574236318605794,-0.6734296833153417,-0.38819635486515913,0.6734296833153417,-0.4270054841358446,93
Jarred Vanderbilt LALPF,19.4,1.7/3.7,0.455,1.3/1.6,0.857,0.1,5.2,1.6,1.2,0.4,1.4,4.8,-0.04938086199731737,0.6074092191942498,-1.292885833169053,0.7662757784688813,-0.3458884532876004,0.9298027458078082,-0.010169902007623828,0.24459094830091233,-0.8903868774288174,-0.24459094830091233,-0.5298151327203849,94
Day'Ron Sharpe BknC,16.0,2.4/3.9,0.613,1.3/2.1,0.588,0.3,5.4,1.6,1.0,0.6,2.1,6.3,1.2236468856292193,-0.5311941767276976,-1.050097364497906,0.8683206738041981,-0.3458884532876004,0.515143792137021,0.46345696291885385,1.1626115799171666,-0.5628713192351272,-1.1626115799171666,-0.5820945791762054,95
"Klay Thompson DalSG, SF",20.3,3.1/9.1,0.342,0.5/0.5,1.0,1.8,3.1,1.8,0.3,0.4,1.4,8.5,-0.9598374156795872,1.2126890913758055,0.7708161505356972,-0.3051956225519443,-0.21228698910305324,-0.9361625457107344,-0.010169902007623828,0.24459094830091233,-0.0825151672177149,-0.24459094830091233,-0.7672533486600677,96
Collin Murray-Boyles TorPF,21.3,3.7/7.8,0.468,0.8/1.2,0.714,1.0,3.3,1.3,1.0,0.2,1.2,9.2,0.0553619273643598,0.0021293470126940465,-0.20033772414889123,-0.20315072721662775,-0.5462906495644211,0.515143792137021,-0.4837967669341016,-0.017700660732303072,0.07032542660600703,0.017700660732303072,-0.7729147140116568,97
"Isaiah Jackson IndPF, C",17.9,3.0/5.6,0.533,1.9/2.1,0.882,0.0,5.9,0.9,0.4,0.4,1.3,7.9,0.5790758741727452,0.7132273786665498,-1.4142800675046265,1.12343291214249,-0.8134935779335155,-0.7288330688753407,-0.010169902007623828,0.11344514378430477,-0.2135213904951909,-0.11344514378430477,-0.8780069856188173,98
"Bruce Brown DenSG, SF",20.4,2.6/5.4,0.474,0.4/0.7,0.6,0.9,4.1,1.9,0.9,0.3,1.1,6.4,0.10370475322359497,-0.48040146018099367,-0.32173195848446473,0.20502885412463903,-0.14548625701077977,0.30781431530162745,-0.2469833344708628,-0.14884646524891063,-0.5410369486888811,0.14884646524891063,-0.9702455709372099,99
Pelle Larsson MiaSG,18.5,2.5/5.0,0.5,1.6/2.0,0.813,1.0,2.4,2.3,0.6,0.0,0.8,7.6,0.3131903319469493,0.42116925852300174,-0.20033772414889123,-0.6623527562255529,0.12171667135831446,-0.3141741152045536,-0.9574236318605794,-0.5422838787987339,-0.2790245021339291,0.5422838787987339,-1.0149525889465068,100
"Buddy Hield GSSG, SF",16.8,2.8/6.3,0.439,0.7/0.7,1.0,1.4,1.4,1.7,0.7,0.0,0.9,7.7,-0.17829506428861236,1.2126890913758055,0.28523921319340284,-1.1725772329021364,-0.2790877211953269,-0.10684463836915999,-0.9574236318605794,-0.4111380742821262,-0.25719013158768295,0.4111380742821262,-1.0423520413521636,101
Blake WesleyO PorSG,16.3,2.3/5.7,0.412,1.0/1.7,0.6,0.3,2.3,3.2,1.7,0.2,1.2,6.0,-0.3958377806551726,-0.48040146018099367,-1.050097364497906,-0.7133752038932114,0.7229232601887768,1.9664501299847763,-0.4837967669341016,-0.017700660732303072,-0.6283744308738652,0.017700660732303072,-1.044808956129394,102
"Walter Clayton Jr. UtahSG, PG",17.0,2.3/5.1,0.439,0.9/0.9,1.0,0.9,2.5,3.5,0.6,0.0,1.4,6.3,-0.17829506428861236,1.2126890913758055,-0.32173195848446473,-0.6113303085578945,0.9233254564655974,-0.3141741152045536,-0.9574236318605794,0.24459094830091233,-0.5628713192351272,-0.24459094830091233,-1.0544027980907413,103
Bobby Portis MilPF,19.4,3.6/9.1,0.397,0.3/0.3,1.0,1.3,5.8,1.1,0.1,0.1,1.4,8.8,-0.5166948453032613,1.2126890913758055,0.16384497885782945,1.0724104644748313,-0.6798921137489682,-1.3508214993815217,-0.7206101993973405,0.24459094830091233,-0.017012055578976712,-0.24459094830091233,-1.0806771270025144,104
"Tre Mann ChaPG, SG",20.9,3.8/10.1,0.37,1.0/1.1,0.889,1.5,2.8,2.5,0.9,0.0,1.9,10.0,-0.7342375616698215,0.7428564633187938,0.40663344752897645,-0.4582629655549196,0.2553181355428617,0.30781431530162745,-0.9574236318605794,0.900319970883951,0.24500039097597529,-0.900319970883951,-1.0926213773010367,105
"Naji Marshall DalSF, PF",23.6,2.1/5.3,0.405,2.6/3.0,0.875,0.3,3.5,2.1,1.1,0.0,0.9,7.1,-0.45223774415761375,0.6835982940143058,-1.050097364497906,-0.10110583188131095,-0.011884792826232504,0.7224732689724148,-0.9574236318605794,-0.4111380742821262,-0.38819635486515913,0.4111380742821262,-1.1437360828199548,106
"Dominick BarlowO PhiPF, C",25.0,2.5/5.0,0.5,2.5/3.0,0.833,0.0,6.0,2.5,0.0,0.5,1.5,7.5,0.3131903319469493,0.5058237861008418,-1.4142800675046265,1.1744553598101481,0.2553181355428617,-1.5581509762169152,0.226643530455615,0.37573675281752017,-0.300858872680175,-0.37573675281752017,-1.173595525362821,107
Kris Murray PorPF,22.6,2.3/4.6,0.5,0.4/0.6,0.75,0.4,2.6,1.0,1.3,0.3,0.9,5.4,0.3131903319469493,0.1545074966528061,-0.9287031301623324,-0.5603078608902361,-0.7466928458412418,1.137132222643202,-0.2469833344708628,-0.4111380742821262,-0.7593806541513413,0.4111380742821262,-1.2260996999909308,108
Craig Porter Jr. CleSG,17.9,2.0/4.0,0.5,0.4/0.9,0.429,0.8,3.4,2.4,1.1,0.3,1.0,5.1,0.3131903319469493,-1.2041976709715252,-0.44312619282003823,-0.15212827954896935,0.1885174034505881,0.7224732689724148,-0.2469833344708628,-0.27999226976551844,-0.8248837657900794,0.27999226976551844,-1.3671459694660044,109
"Jalen Smith ChiPF, C",14.7,3.3/6.9,0.479,1.3/2.0,0.643,1.3,4.9,0.6,0.3,0.3,1.1,9.1,0.14399044143962464,-0.2983942258886376,0.16384497885782945,0.6132084354659063,-1.013895774210336,-0.9361625457107344,-0.2469833344708628,-0.14884646524891063,0.048491056059761097,0.14884646524891063,-1.3770545032085388,110
RayJ Dennis IndPG,20.1,2.4/8.3,0.293,0.9/1.0,0.857,1.3,2.1,3.3,0.4,0.6,1.3,7.0,-1.3546371601966782,0.6074092191942498,0.16384497885782945,-0.815420099228528,0.7897239922810502,-0.7288330688753407,0.46345696291885385,0.11344514378430477,-0.4100307254114051,-0.11344514378430477,-1.3979310442442736,111
Tyrese Martin BknSF,20.8,2.9/7.5,0.383,0.6/1.0,0.625,1.6,3.4,2.5,0.4,0.1,0.9,8.0,-0.6294947723081443,-0.3745833007086936,0.5280276818645502,-0.15212827954896935,0.2553181355428617,-0.7288330688753407,-0.7206101993973405,-0.4111380742821262,-0.19168701994894496,0.4111380742821262,-1.6028527490978954,112
Egor Demin BknPG,18.7,1.7/5.1,0.333,0.4/0.6,0.75,1.4,3.0,2.6,1.0,0.3,1.6,5.3,-1.0323516544684408,0.1545074966528061,0.28523921319340284,-0.3562180702196027,0.32211886763513536,0.515143792137021,-0.2469833344708628,0.506882557334128,-0.7812150246975873,-0.506882557334128,-1.6466412715722563,113
Mouhamed Gueye AtlPF,15.5,2.6/4.8,0.553,0.5/1.1,0.444,0.8,3.8,0.9,0.1,0.9,0.8,6.5,0.7402186270368639,-1.1407067752881452,-0.44312619282003823,0.05196151112166404,-0.8134935779335155,-1.3508214993815217,1.1738972603085707,-0.5422838787987339,-0.5192025781426352,0.5422838787987339,-1.7589893463000237,114
"Isaac Okoro ChiSF, SG",24.1,2.9/6.7,0.426,0.6/0.7,0.8,1.1,2.3,1.7,0.6,0.4,1.4,7.4,-0.28303785365028955,0.36614381559740616,-0.07894348981331757,-0.7133752038932114,-0.2790877211953269,-0.3141741152045536,-0.010169902007623828,0.24459094830091233,-0.32269324322642096,-0.24459094830091233,-1.8799286616942499,115
Nikola Jovic MiaPF,21.6,2.5/6.6,0.377,2.0/2.5,0.8,1.3,3.9,2.6,0.3,0.1,1.5,8.3,-0.67783759816738,0.36614381559740616,0.16384497885782945,0.10298395878932244,0.32211886763513536,-0.9361625457107344,-0.7206101993973405,0.37573675281752017,-0.12618390831020676,-0.37573675281752017,-1.8814393835234884,116
"Cameron Johnson DenSF, PF",26.7,3.0/7.9,0.382,1.4/1.7,0.833,1.1,3.0,1.4,0.4,0.1,0.7,8.6,-0.6375519099513502,0.5058237861008418,-0.07894348981331757,-0.3562180702196027,-0.4794899174721476,-0.7288330688753407,-0.7206101993973405,-0.6734296833153417,-0.060680796671468966,0.6734296833153417,-1.883073982984385,117
Javonte Green DetSF,17.4,1.6/5.0,0.325,0.6/0.9,0.714,0.9,2.6,1.0,1.0,0.4,0.3,4.8,-1.0968087556140882,0.0021293470126940465,-0.32173195848446473,-0.5603078608902361,-0.7466928458412418,0.515143792137021,-0.010169902007623828,-1.1980129013817724,-0.8903868774288174,1.1980129013817724,-1.910812159734985,118
Landry Shamet NYSG,18.0,2.0/5.1,0.39,1.1/1.3,0.9,1.8,2.1,0.5,0.4,0.1,0.6,6.9,-0.5730948088057027,0.7894164534866059,0.7708161505356972,-0.815420099228528,-1.0806965063026097,-0.7288330688753407,-0.7206101993973405,-0.8045754878319494,-0.43186509595765105,0.8045754878319494,-1.98571168671292,119
Kyle Filipowski UtahPF,18.9,2.4/6.3,0.38,1.0/1.5,0.667,0.9,4.4,2.3,0.3,0.4,1.1,6.6,-0.6536661852377621,-0.19680879279522956,-0.32173195848446473,0.3580961971276145,0.12171667135831446,-0.9361625457107344,-0.010169902007623828,-0.14884646524891063,-0.4973682075963892,0.14884646524891063,-1.9872482580973647,120
"Lindy Waters III SASG, SF",14.0,2.0/2.0,1.0,0.0/0.0,0.0,2.0,1.0,0.0,0.0,0.0,0.0,6.0,4.341759153549915,-3.0200372875161925,1.0136046192068442,-1.37666702357277,-1.4147001667639776,-1.5581509762169152,-0.9574236318605794,-1.5914503149315957,-0.6283744308738652,1.5914503149315957,-2.008539429115946,121
Drew Eubanks SacC,15.0,2.1/3.5,0.607,0.9/2.0,0.438,0.0,3.0,0.3,0.6,1.1,1.0,5.1,1.1753040597699835,-1.1661031335614973,-1.4142800675046265,-0.3562180702196027,-1.2142979704871568,-0.3141741152045536,1.6475241252350483,-0.27999226976551844,-0.8248837657900794,0.27999226976551844,-2.187136667996966,122
"Jordan Clarkson NYSG, SF",16.1,3.1/7.4,0.424,1.3/1.4,0.909,1.4,1.3,1.3,0.1,0.3,1.0,8.9,-0.2991521289367014,0.8275109908966339,0.28523921319340284,-1.2235996805697946,-0.5462906495644211,-1.3508214993815217,-0.2469833344708628,-0.27999226976551844,0.004822314967269224,0.27999226976551844,-2.2692825041004774,123
Lonzo BallO ClePG,24.1,1.7/5.9,0.293,0.4/0.7,0.6,1.1,3.9,5.7,1.0,0.1,2.6,5.0,-1.3546371601966782,-0.48040146018099367,-0.07894348981331757,0.10298395878932244,2.392941562495616,0.515143792137021,-0.7206101993973405,1.8183406025002053,-0.8467181363363253,-1.8183406025002053,-2.2885817350029014,124
Vit Krejci AtlPG,16.0,2.5/5.3,0.476,0.5/0.8,0.667,1.5,1.8,1.0,0.5,0.0,0.5,7.0,0.11981902851000684,-0.19680879279522956,0.40663344752897645,-0.9684874422315031,-0.7466928458412418,-0.5215035920399471,-0.9574236318605794,-0.935721292348557,-0.4100307254114051,0.935721292348557,-2.3387732617923658,125
"Gradey Dick TorSG, SF",16.3,2.3/5.4,0.419,2.4/3.0,0.792,1.1,2.4,0.3,0.4,0.0,0.1,8.0,-0.3394378171527311,0.33228200456627016,-0.07894348981331757,-0.6623527562255529,-1.2142979704871568,-0.7288330688753407,-0.9574236318605794,-1.4603045104149879,-0.19168701994894496,1.4603045104149879,-2.3803892393823656,126
Jaylen Wells MemSG,25.3,3.3/9.8,0.341,1.1/1.8,0.625,1.3,3.9,1.6,0.4,0.0,0.7,9.1,-0.9678945533227932,-0.3745833007086936,0.16384497885782945,0.10298395878932244,-0.3458884532876004,-0.7288330688753407,-0.9574236318605794,-0.6734296833153417,0.048491056059761097,0.6734296833153417,-2.3858733310327525,127
Dru Smith MiaPG,16.9,2.3/4.8,0.474,0.0/0.0,0.0,0.9,1.5,3.6,1.6,0.3,1.1,5.4,0.10370475322359497,-3.0200372875161925,-0.32173195848446473,-1.121554785234478,0.990126188557871,1.759120653149383,-0.2469833344708628,-0.14884646524891063,-0.7593806541513413,0.14884646524891063,-2.467889959677579,128
Nick Smith Jr. LALSG,16.0,3.5/6.8,0.519,0.5/0.8,0.667,1.5,1.3,2.5,0.3,0.3,2.0,9.0,0.4662759471678621,-0.19680879279522956,0.40663344752897645,-1.2235996805697946,0.2553181355428617,-0.9361625457107344,-0.2469833344708628,1.0314657754005587,0.02665668551351516,-1.0314657754005587,-2.4801359131939646,129
Adem Bona PhiC,16.9,0.9/2.0,0.438,0.8/1.5,0.5,0.0,3.3,0.4,0.5,1.6,0.9,2.5,-0.18635220193181828,-0.9036740980701934,-1.4142800675046265,-0.20315072721662775,-1.1474972383948834,-0.5215035920399471,2.831591287551243,-0.4111380742821262,-1.3925773999924758,0.4111380742821262,-2.526305963317203,130
"Bub Carrington WshPG, SG",27.4,1.9/5.9,0.319,0.9/1.3,0.7,1.0,4.1,4.3,0.9,0.1,2.5,5.6,-1.1451515814733237,-0.057128822291793974,-0.20033772414889123,0.20502885412463903,1.457731313203786,0.30781431530162745,-0.7206101993973405,1.6871947979835975,-0.7157119130588493,-1.6871947979835975,-2.555560555723744,131
"Bogdan Bogdanovic LACSG, SF",22.8,1.8/6.3,0.28,1.8/2.0,0.875,1.0,4.0,2.5,0.5,0.3,1.8,6.3,-1.4593799495583548,0.6835982940143058,-0.20033772414889123,0.15400640645698085,0.2553181355428617,-0.5215035920399471,-0.2469833344708628,0.7691741663673434,-0.5628713192351272,-0.7691741663673434,-2.667327249806378,132
"Corey Kispert WshSF, SG",18.4,2.9/5.9,0.489,0.9/1.4,0.636,1.4,2.4,1.6,0.1,0.1,0.9,8.0,0.224561817871684,-0.32802331054088163,0.28523921319340284,-0.6623527562255529,-0.3458884532876004,-1.3508214993815217,-0.7206101993973405,-0.4111380742821262,-0.19168701994894496,0.4111380742821262,-2.6784441334346294,133
"Dalton Knecht LALSG, SF",18.4,2.6/6.1,0.429,0.5/0.6,0.8,0.8,1.6,0.6,0.5,0.5,0.8,6.5,-0.2588664407206717,0.36614381559740616,-0.44312619282003823,-1.0705323375668196,-1.013895774210336,-0.5215035920399471,0.226643530455615,-0.5422838787987339,-0.5192025781426352,0.5422838787987339,-2.6920556906486928,134
Charles Bassey MemC,15.0,1.5/4.0,0.375,0.5/1.5,0.333,0.0,7.5,1.0,0.5,0.5,0.5,3.5,-0.6939518734537918,-1.610539403345157,-1.4142800675046265,1.9397920748250235,-0.7466928458412418,-0.5215035920399471,0.226643530455615,-0.935721292348557,-1.1742336945300156,0.935721292348557,-3.059044579085584,135
Brandon Williams DalPG,14.2,2.8/5.8,0.486,1.3/2.3,0.571,0.3,1.7,1.3,1.3,0.2,1.5,7.3,0.2003904049420662,-0.6031505251688617,-1.050097364497906,-1.0195098898991615,-0.5462906495644211,1.137132222643202,-0.4837967669341016,0.37573675281752017,-0.3445276137726671,-0.37573675281752017,-3.0855869350693705,136
Noah Clowney BknPF,22.8,2.3/6.6,0.34,1.5/1.9,0.8,1.3,4.1,1.5,0.4,0.0,1.6,7.3,-0.9759516909659992,0.36614381559740616,0.16384497885782945,0.20502885412463903,-0.412689185379874,-0.7288330688753407,-0.9574236318605794,0.506882557334128,-0.3445276137726671,-0.506882557334128,-3.1912900996087137,137
Gabe VincentO LALPG,24.0,1.0/4.3,0.231,1.0/1.0,1.0,0.7,1.0,2.3,1.0,0.0,0.7,3.7,-1.8541796940754456,1.2126890913758055,-0.5645204271556119,-1.37666702357277,0.12171667135831446,0.515143792137021,-0.9574236318605794,-0.6734296833153417,-1.1305649534375235,0.6734296833153417,-3.3603764919154475,138
Taylor Hendricks UtahPF,16.5,1.6/4.3,0.382,0.8/1.0,0.75,0.5,4.5,0.4,0.3,0.3,0.6,4.5,-0.6375519099513502,0.1545074966528061,-0.8073088958267589,0.40911864479527266,-1.1474972383948834,-0.9361625457107344,-0.2469833344708628,-0.8045754878319494,-0.9558899890675554,0.8045754878319494,-3.363192284142117,139
Cam Whitmore WshSF,14.9,3.1/7.5,0.417,0.5/0.9,0.571,0.8,2.5,0.6,1.0,0.1,1.1,7.5,-0.35555209243914293,-0.6031505251688617,-0.44312619282003823,-0.6113303085578945,-1.013895774210336,0.515143792137021,-0.7206101993973405,-0.14884646524891063,-0.300858872680175,0.14884646524891063,-3.3845337078878575,140
KJ Simpson ChaPG,15.0,2.5/5.5,0.455,1.5/2.0,0.75,1.0,3.5,2.0,0.5,0.0,2.5,7.5,-0.04938086199731737,0.1545074966528061,-0.20033772414889123,-0.10110583188131095,-0.07868552491850614,-0.5215035920399471,-0.9574236318605794,1.6871947979835975,-0.300858872680175,-1.6871947979835975,-3.7419833408575185,141
Kevon Looney NOC,15.3,1.7/4.7,0.357,0.3/0.7,0.5,0.0,4.3,2.0,0.0,1.0,1.0,3.7,-0.8389803510314987,-0.9036740980701934,-1.4142800675046265,0.30707374945995586,-0.07868552491850614,-1.5581509762169152,1.4107106927718094,-0.27999226976551844,-1.1305649534375235,0.27999226976551844,-3.926559259181979,142
Jaylen Clark MinSG,16.0,1.8/4.2,0.44,0.7/1.3,0.5,0.3,2.7,1.0,0.8,0.0,0.3,4.7,-0.1702379266454064,-0.9036740980701934,-1.050097364497906,-0.5092854132225777,-0.7466928458412418,0.10048483846623384,-0.9574236318605794,-1.1980129013817724,-0.9122212479750633,1.1980129013817724,-3.9511347882649623,143
Jalen Wilson BknPF,17.9,2.0/4.6,0.438,1.4/1.9,0.769,1.3,0.9,0.9,0.1,0.0,0.7,6.7,-0.18635220193181828,0.23492929785175415,0.16384497885782945,-1.4276894712404284,-0.8134935779335155,-1.3508214993815217,-0.9574236318605794,-0.6734296833153417,-0.47553383705014307,0.6734296833153417,-4.139110259373082,144
"Kyle Anderson UtahSF, PF",18.5,2.5/5.0,0.5,1.5/2.5,0.6,0.0,1.5,2.5,0.5,0.0,1.0,6.5,0.3131903319469493,-0.48040146018099367,-1.4142800675046265,-1.121554785234478,0.2553181355428617,-0.5215035920399471,-0.9574236318605794,-0.27999226976551844,-0.5192025781426352,0.27999226976551844,-4.16586537770793,145
Jordan Hawkins NOSG,14.6,1.4/5.3,0.27,0.6/0.6,1.0,0.6,1.9,0.7,0.3,0.0,0.1,4.0,-1.5399513259904143,1.2126890913758055,-0.6859146614911854,-0.9174649945638448,-0.9470950421180626,-0.9361625457107344,-0.9574236318605794,-1.4603045104149879,-1.0650618417987854,1.4603045104149879,-4.376080441742813,146
Quinten Post GSC,14.8,1.8/4.3,0.41,0.0/0.0,0.0,1.1,3.9,0.9,0.4,0.8,0.8,4.7,-0.4119520559415845,-3.0200372875161925,-0.07894348981331757,0.10298395878932244,-0.8134935779335155,-0.7288330688753407,0.9370838278453317,-0.5422838787987339,-0.9122212479750633,0.5422838787987339,-4.383129062621626,147
Javon Small MemPG,14.0,1.4/4.0,0.357,1.1/1.4,0.8,0.9,1.1,3.1,0.0,0.1,1.1,4.9,-0.8389803510314987,0.36614381559740616,-0.32173195848446473,-1.3256445759051116,0.6561225280965032,-1.5581509762169152,-0.7206101993973405,-0.14884646524891063,-0.8685525068825712,0.14884646524891063,-4.462557758975082,148
"Kevin Love UtahPF, C",15.0,0.7/2.7,0.25,2.0/2.7,0.75,0.3,5.0,3.7,0.0,0.0,1.3,3.7,-1.701094078854533,0.1545074966528061,-1.050097364497906,0.6642308831335645,1.0569269206501446,-1.5581509762169152,-0.9574236318605794,0.11344514378430477,-1.1305649534375235,-0.11344514378430477,-4.6351108482152465,149
"Ace Bailey UtahSF, PF",17.6,2.0/6.3,0.32,0.9/1.0,0.875,0.3,3.0,1.4,0.3,0.1,1.1,5.1,-1.1370944438301178,0.6835982940143058,-1.050097364497906,-0.3562180702196027,-0.4794899174721476,-0.9361625457107344,-0.7206101993973405,-0.14884646524891063,-0.8248837657900794,0.14884646524891063,-4.672111547654712,150
"Larry Nance Jr. ClePF, C",17.1,1.9/5.6,0.333,0.1/0.4,0.333,0.6,3.9,1.5,0.5,0.1,0.6,4.5,-1.0323516544684408,-1.610539403345157,-0.6859146614911854,0.10298395878932244,-0.412689185379874,-0.5215035920399471,-0.7206101993973405,-0.8045754878319494,-0.9558899890675554,0.8045754878319494,-5.031939238568227,151
Oso Ighodaro PhxPF,16.9,1.9/4.1,0.459,0.4/0.9,0.5,0.0,3.3,1.2,0.2,0.6,1.4,4.2,-0.01715231142449363,-0.9036740980701934,-1.4142800675046265,-0.20315072721662775,-0.6130913816566947,-1.143492022546128,0.46345696291885385,0.24459094830091233,-1.0213931007062933,-0.24459094830091233,-5.097367694507115,152
Terrence Shannon Jr.DTD MinSG,16.3,1.3/4.0,0.321,0.7/1.0,0.714,0.6,2.4,1.1,0.6,0.0,0.9,3.9,-1.129037306186912,0.0021293470126940465,-0.6859146614911854,-0.6623527562255529,-0.6798921137489682,-0.3141741152045536,-0.9574236318605794,-0.4111380742821262,-1.0868962123450314,0.4111380742821262,-5.1024233757679625,153
"Caris LeVertDTD DetSG, SF",18.8,2.2/6.0,0.367,1.0/1.8,0.556,0.8,1.2,1.8,0.8,0.0,1.6,6.2,-0.7584089745994393,-0.6666414208522413,-0.44312619282003823,-1.2746221282374535,-0.21228698910305324,0.10048483846623384,-0.9574236318605794,0.506882557334128,-0.5847056897813732,-0.506882557334128,-5.303612746122073,154
"Ochai Agbaji TorSF, SG",13.9,1.1/3.0,0.375,0.6/1.0,0.625,0.1,2.1,0.8,0.6,0.1,0.4,3.0,-0.6939518734537918,-0.3745833007086936,-1.292885833169053,-0.815420099228528,-0.880294310025789,-0.3141741152045536,-0.7206101993973405,-1.0668670968651648,-1.2834055472612456,1.0668670968651648,-5.30845818158383,155
"Bradley Beal LACSF, SG",20.2,2.8/7.8,0.359,0.8/1.2,0.667,1.0,1.0,1.4,0.4,0.0,1.6,7.4,-0.8228660757450869,-0.19680879279522956,-0.20033772414889123,-1.37666702357277,-0.4794899174721476,-0.7288330688753407,-0.9574236318605794,0.506882557334128,-0.32269324322642096,-0.506882557334128,-5.592002035030595,156
"Al Horford GSC, PF",22.0,1.8/6.2,0.297,0.0/0.0,0.0,0.8,4.5,1.3,0.7,0.5,1.5,4.5,-1.3224086096238543,-3.0200372875161925,-0.44312619282003823,0.40911864479527266,-0.5462906495644211,-0.10684463836915999,0.226643530455615,0.37573675281752017,-0.9558899890675554,-0.37573675281752017,-6.134571944527854,157
Ben Saraf BknSG,15.7,1.0/4.3,0.231,1.0/1.3,0.75,0.5,2.0,2.7,0.3,0.0,1.5,3.5,-1.8541796940754456,0.1545074966528061,-0.8073088958267589,-0.8664425468961864,0.38891959972740897,-0.9361625457107344,-0.9574236318605794,0.37573675281752017,-1.1742336945300156,-0.37573675281752017,-6.428060665337025,158
"Hugo Gonzalez BosSF, SG",14.6,1.6/3.7,0.423,0.0/0.0,0.0,0.4,2.0,0.7,0.9,0.1,0.3,3.6,-0.3072092665799073,-3.0200372875161925,-0.9287031301623324,-0.8664425468961864,-0.9470950421180626,0.30781431530162745,-0.7206101993973405,-1.1980129013817724,-1.1523993239837695,1.1980129013817724,-6.436669579970392,159
Nicolas Batum LACPF,14.6,0.8/3.1,0.24,0.0/0.0,0.0,0.8,2.5,0.9,0.6,0.4,0.4,2.3,-1.7816654552865923,-3.0200372875161925,-0.44312619282003823,-0.6113303085578945,-0.8134935779335155,-0.3141741152045536,-0.010169902007623828,-1.0668670968651648,-1.4362461410849676,1.0668670968651648,-7.3633758835462135,160
James Wiseman FAC,20.0,2.0/3.0,0.667,0.0/0.0,0.0,0.0,4.0,0.0,0.0,1.0,3.0,4.0,1.6587323183623397,-3.0200372875161925,-1.4142800675046265,0.15400640645698085,-1.4147001667639776,-1.5581509762169152,1.4107106927718094,2.342923820566636,-1.0650618417987854,-2.342923820566636,-7.5917047427760025,161
Tyus Jones OrlPG,14.3,1.1/3.3,0.346,0.0/0.0,0.0,0.3,1.0,1.4,0.5,0.3,0.5,2.5,-0.927608865106764,-3.0200372875161925,-1.050097364497906,-1.37666702357277,-0.4794899174721476,-0.5215035920399471,-0.2469833344708628,-0.935721292348557,-1.3925773999924758,0.935721292348557,-8.079243492320508,162
Jared McCainDTD PhiSG,15.0,0.0/4.0,0.0,0.0/0.0,0.0,0.0,1.0,2.0,0.0,0.0,0.0,0.0,-3.715378489656015,-3.0200372875161925,-1.4142800675046265,-1.37666702357277,-0.07868552491850614,-1.5581509762169152,-0.9574236318605794,-1.5914503149315957,-1.9384366636486259,1.5914503149315957,-12.467609349962636,163
